{
    "AwardCondition":
    [
        {"isOn": true, "killGoal": 40, "giveCount": 1, "class":"CommonInfected"},
        {"isOn": true, "killGoal": 10, "giveCount": 1, "class":"SpecialInfected"},
        {"isOn": true, "killGoal": 1, "giveCount": 2, "class":"Witch"},
        {"isOn": true, "killGoal": 1, "giveCount": 3, "class":"Tank"}
    ],
    "AwardCategory":
    [
        {
            "name": "特等奖", "rate": 0.02, "broadcast": true,
            "awards":
            [
                {"desc": "一小局无敌状态！" ,"cmd": "godmode", "args": [-1]},
                {"desc": "一小局低重力！" ,"cmd": "movement", "args": [1, -1, 0.1]},
                {"desc": "一小局加速" ,"cmd": "movement", "args": [0, -1, 2.0]},
                {"desc": "成为奶妈！200秒" ,"func": "PSetPlayerAsHealer", "args": [3, 250.0, 1.0, 200.0]},
                {"desc": "获得700商店积分！" ,"cmd": "givepoint", "args": [700]}
            ]
        },
        {
            "name": "一等奖", "rate": 0.1, "broadcast": false,
            "awards":
            [
                {"desc": "获得步枪M16" ,"func": "PGivePlayerItem", "args": ["rifle"]},
                {"desc": "获得步枪AK47" ,"func": "PGivePlayerItem", "args": ["rifle_ak47"]},
                {"desc": "获得重狙AWP" ,"func": "PGivePlayerItem", "args": ["sniper_awp"]},
                {"desc": "获得鸟狙scout" ,"func": "PGivePlayerItem", "args": ["sniper_scout"]},
                {"desc": "获得军用连狙" ,"func": "PGivePlayerItem", "args": ["sniper_military"]},
                {"desc": "获得狩猎连狙" ,"func": "PGivePlayerItem", "args": ["hunting_rifle"]},
                {"desc": "获得SG552" ,"func": "PGivePlayerItem", "args": ["rifle_sg552"]},
                {"desc": "获得散弹枪XM1014" ,"func": "PGivePlayerItem", "args": ["autoshotgun"]},
                {"desc": "获得散弹枪SPAS" ,"func": "PGivePlayerItem", "args": ["shotgun_spas"]},
                {"desc": "获得步枪Scar" ,"func": "PGivePlayerItem", "args": ["rifle_desert"]},
                {"desc": "获得电锯" ,"func": "PGivePlayerItem", "args": ["chainsaw"]},
                {"desc": "获得60商店积分！" ,"cmd": "givepoint", "args": [60]}
            ]
        },
        {
            "name": "二等奖", "rate": 0.15, "broadcast": false,
            "awards":
            [
                {"desc": "获得医药包" ,"func": "PGivePlayerItem", "args": ["first_aid_kit"]},
                {"desc": "获得止痛药" ,"func": "PGivePlayerItem", "args": ["pain_pills"]},
                {"desc": "获得肾上腺素" ,"func": "PGivePlayerItem", "args": ["adrenaline"]},
                {"desc": "获得电击器" ,"func": "PGivePlayerItem", "args": ["defibrillator"]}
            ]
        },
        {
            "name": "三等奖", "rate": 0.2, "broadcast": false,
            "awards":
            [
                {"desc": "获得土制炸弹" ,"func": "PGivePlayerItem", "args": ["pipe_bomb"]},
                {"desc": "获得燃烧瓶" ,"func": "PGivePlayerItem", "args": ["molotov"]},
                {"desc": "获得胆汁炸弹" ,"func": "PGivePlayerItem", "args": ["vomitjar"]}
            ]
        },
        {
            "name": "安慰奖", "rate": 0.259, "broadcast": false,
            "awards":
            [
                {"desc": "获得棒球棒" ,"func": "PGivePlayerItem", "args": ["baseball_bat"]},
                {"desc": "获得燃烧弹盒" ,"func": "PGivePlayerItem", "args": ["upgradepack_incendiary"]},
                {"desc": "获得高爆弹盒" ,"func": "PGivePlayerItem", "args": ["upgradepack_explosive"]},
                {"desc": "获得煤气罐" ,"func": "PGivePlayerItem", "args": ["propanetank"]},
                {"desc": "获得烟花盒" ,"func": "PGivePlayerItem", "args": ["fireworkcrate"]}
            ]
        },
        {
            "name": "惩罚", "rate": 0.03, "broadcast": true,
            "awards":
            [
                {"desc": "召唤三只Witch" ,"func": "PSummonInfected", "args": [7, 3]},
                {"desc": "召唤一只Tank" ,"func": "PSummonInfected", "args": [8, 1]},
                {"desc": "自杀！！！" ,"func": "PSuicidePlayer", "args": []},
                {"desc": "被冰冻！30秒" ,"func": "PFreezePlayer", "args": [30]},
                {"desc": "感染者隐身！90秒" ,"cmd": "funnyinfected", "args": [4, 90]},
                {"desc": "成为人肉炸弹!" ,"func": "PSuicideBomber", "args": [1200, 200.0, 5.0]},
                {"desc": "Ta将点燃服务器" ,"func": "PSpawnMolotovRain", "args": [8]},
                {"desc": "Witch狂暴！180秒" ,"cmd": "funnyinfected", "args": [6, 180]},
                {"desc": "搭乘24号直升机" ,"func": "PKobeeHelicopter", "args": []},
		        {"desc": "特感无敌！30秒" ,"cmd": "funnyinfected", "args": [1, 30]},
		        {"desc": "特感混沌！90秒" ,"cmd": "funnyinfected", "args": [3, 90]}
            ]
        },
        {
            "name": "小惩罚", "rate": 0.07, "broadcast": true,
            "awards":
            [
	            {"desc": "被禁止使用主武器！45秒" ,"cmd": "funnyweapon", "args": [0, 45]},
	            {"desc": "主武器可能会炸膛！80秒" ,"cmd": "funnyweapon", "args": [2, 80]},
                {"desc": "成为冰冻炸弹" ,"func": "PFreezeBomb", "args": [20.0, 250.0, 8.0]},
                {"desc": "随机召唤五只特感!" ,"func": "PSummonInfected", "args": [-1, 5]},
                {"desc": "召唤一只Witch" ,"func": "PSummonInfected", "args": [7, 1]},
                {"desc": "Ta自己地震" ,"func": "PSetPlayerEarthQuake", "args": [30.0]},
	            {"desc": "减速！60秒" ,"cmd": "movement", "args": [0, 60, 0.4]},
	            {"desc": "特感加速！50秒" ,"cmd": "funnyinfected", "args": [0, 50]},
	            {"desc": "特感爆炸！75秒" ,"cmd": "funnyinfected", "args": [2, 75]},
	            {"desc": "流血！20秒" ,"func": "PSetPlayerBleeding", "args": [3, 20]},
	            {"desc": "右键被抠了！30秒" ,"func": "PDelayPlayerShovel", "args": [30.0]},
                {"desc": "落枕！30秒" ,"cmd": "movement", "args": [3, 30.0, 0.0]}
            ]
        },
        {
            "name": "大奖", "rate": 0.05, "broadcast": true,
            "awards":
            [
                {"desc": "所有幸存者加满HP" ,"func": "PGiveAllPlayerHealth", "args": [true, 100]},
                {"desc": "处死所有特感" ,"func": "PExecuteAllSpecial", "args": []},
                {"desc": "获得M60并回满血" ,"func": "PGivePlayerItem", "args": ["rifle_m60"]},
                {"desc": "感染者透视！60秒" ,"cmd": "funnyinfected", "args": [5, 60]},
                {"desc": "发动血量抢夺Pro Max" ,"func": "PRobOtherPlayerHealth", "args": [0.05, true]},
                {"desc": "秒杀周围僵尸！20秒" ,"func": "PSetPlayerNihilist", "args": [100.0, 30.0]},
                {"desc": "射速UP+无限子弹！90秒" ,"cmd": "funnyweapon", "args": [1, 90]},
                {"desc": "自动瞄准！90秒" ,"cmd": "autoaim", "args": [90]},
                {"desc": "获得200商店积分！" ,"cmd": "givepoint", "args": [200]},
		        {"desc": "次数共享" ,"func": "PDrawCountShare", "args": [2]}
            ]
        },
        {
            "name": "嘻哈项", "rate": 0.12, "broadcast": true,
            "awards":
            [
                {"desc": "3倍超重力！60秒" ,"cmd": "movement", "args": [1, 60, 3.0]},
                {"desc": "丢掉当前手持物品" ,"func": "PDropPlayerItem", "args": []},
                {"desc": "发动平均血量" ,"func": "PAveragePlayerHealth", "args": []},
                {"desc": "发动血量抢夺Lite" ,"func": "PRobOtherPlayerHealth", "args": [0.25, false]},
                {"desc": "血条蹦迪！60秒" ,"func": "PSetPlayerHealthChaos", "args": [60]},
	            {"desc": "交换所有人的血量" ,"func": "PExchangePlayersHealth", "args": []},
	            {"desc": "吃了一个闪光弹" ,"func": "PFlashBang", "args": []},
	            {"desc": "不断更换主武器" ,"cmd": "funnyweapon", "args": [3, 60]},
                {"desc": "清除所有小僵尸" ,"func": "PExecuteAllCommon", "args": []},
                {"desc": "到底是谁的主武器啊" ,"func": "PChangeAllWeaponOfRandomClient", "args": []},
                {"desc": "交换场上玩家位置" ,"func": "PSwapPlayerPosition", "args": []},
		        {"desc": "福祸相依！60秒" ,"cmd": "txzz", "args": [60]},
		        {"desc": "善良之枪！40秒" ,"cmd": "funnyweapon", "args": [4, 40]}
            ]
        },
        {
            "name": "天启时刻", "rate": 0.001, "broadcast": true,
            "awards":
            [
                {"desc": "天启四骑士" ,"func": "PSummonInfected", "args": [8, 4]},
		        {"desc": "月下三兄贵" ,"func": "PSummonInfected", "args": [8, 3]}
            ]
        }
    ]
}