{
    "pistol":
    {
        "slot": 1,
        "count": 30,
        "distance": 500.0,
        "range": 1000.0,
        "force": 1000.0,
        "duration": 8.0,
        "maxReserve": 1,
        "func": "ExtWeaponPistol",
        "tip": "[副武器]小手枪-黑洞%s",
        "desc": "小手枪|参考CSOL的黑洞手枪"
    },
    "shotgun_chrome":
    {
        "slot": 0,
        "count": 5,
        "force": 300.0,
        "damage": 50.0,
        "duration": 4.0,
        "maxReserve": 3,
        "tip": "[主武器]铁喷-天龙%s",
        "func": "ExtWeaponShotgunChrome",
        "desc": "铁喷|参考CSOL的天龙M3"
    },
    "molotov":
    {
        "slot": 2,
        "range": 300.0,
        "duration": 10.0,
        "tip": "[投掷武器]燃烧瓶-冰魄%s",
        "desc": "火瓶|范围冰冻"
    },
    "vomitjar":
    {
        "slot": 2,
        "range": 200.0,
        "amount": 5,
        "duration": 10.0,
        "tip": "[投掷武器]胆汁瓶-治疗场%s",
        "desc": "胆汁|范围治疗"
    },
    "sniper_awp":
    {
        "slot": 0,
        "count": 5,
        "force": 500.0,
        "damage": 80.0,
        "duration": 5.0,
        "maxReserve": 1,
        "tip": "[主武器]AWP-车王%s",
        "func": "ExtWeaponSniperAWP",
        "desc": "AWP|参考CSOL的M95-虎王"
    },
    "pipe_bomb":
    {
        "slot": 2,
        "range": 400.0,
        "damage": 1000.0,
	    "tip": "[投掷武器]土雷-浩劫地雷%s",
        "desc": "土雷|浩劫地雷"
    },
    "sniper_scout":
    {
        "slot": 0,
        "duration": 7.0,
        "count": 5,
        "distance": 500.0,
        "maxReserve": 1,
        "damage": 30.0,
        "func": "ExtWeaponSniperScout",
	    "tip": "[主武器]Scout-斩魂%s",
        "desc": "Scout|CSOL斩魂"
    },
    "fireaxe":
    {
        "slot": 1,
        "step": 4,
        "range": 150.0,
        "damage": 300.0,
        "count": -1,
        "sequence": [1, 1, 2, 1],
        "func": "ExtWeaponFireaxe",
        "tip": "[近战武器]消防斧-龙枪%s",
        "desc": "消防斧|CSOL神罚龙枪"
    }
}