{
    "EarnTypes":
    [
        {"order": 0, "isOn": true, "goal": 20, "point": 3, "tip":"干掉一群僵尸"},
        {"order": 1, "isOn": true, "goal": 1, "point": 1, "tip":"干掉Smoker"},
        {"order": 2, "isOn": true, "goal": 1, "point": 1, "tip":"干掉Boomer"},
        {"order": 3, "isOn": true, "goal": 1, "point": 1, "tip":"干掉Hunter"},
        {"order": 4, "isOn": true, "goal": 1, "point": 1, "tip":"干掉Spitter"},
        {"order": 5, "isOn": true, "goal": 1, "point": 1, "tip":"干掉Jockey"},
        {"order": 6, "isOn": true, "goal": 1, "point": 1, "tip":"干掉Charger"},
        {"order": 7, "isOn": true, "goal": 1, "point": 4, "tip":"干掉Witch"},
        {"order": 8, "isOn": true, "goal": 1, "point": 8, "tip":"干掉Tank"},
        {"order": 9, "isOn": true, "goal": 20, "point": 3, "tip":"爆头一群僵尸"},
        {"order": 10, "isOn": true, "goal": 20, "point": 2, "tip":"刀杀一群僵尸"},
        {"order": 11, "isOn": true, "goal": 1, "point": 2, "tip":"单杀Tank"},
        {"order": 12, "isOn": true, "goal": -1, "point": 2, "tip":"给了Tank最后一枪"},
        {"order": 13, "isOn": true, "goal": -1, "point": 2, "tip":"打掉Tank石头"},
        {"order": 14, "isOn": true, "goal": -1, "point": 2, "tip":"一枪干掉Witch"},
        {"order": 15, "isOn": true, "goal": -1, "point": 10, "tip":"治疗了队友"},
        {"order": 16, "isOn": true, "goal": -1, "point": 1, "tip":"掩护了队友"},
        {"order": 17, "isOn": true, "goal": -1, "point": 4, "tip":"拉起倒地队友"},
        {"order": 18, "isOn": true, "goal": -1, "point": 1, "tip":"拉起挂边队友"},
        {"order": 19, "isOn": true, "goal": -1, "point": 10, "tip":"电起死亡队友"},
        {"order": 20, "isOn": true, "goal": 20, "point": 5, "tip":"点燃一群僵尸"},
        {"order": 21, "isOn": true, "goal": -1, "point": -40, "tip":"杀了队友"},
        {"order": 22, "isOn": true, "goal": -1, "point": -10, "tip":"打倒队友"}
    ],
    "ShopItems": 
    {
        "枪械菜单":
        {
            "近战类":
            [
                {"desc": "高尔夫球杆", "point": 10, "broadcast": false, "func": "PGivePlayerItem", "args": ["golfclub"]},
                {"desc": "撬棍", "point": 10, "broadcast": false, "func": "PGivePlayerItem", "args": ["crowbar"]},
                {"desc": "消防斧", "point": 10, "broadcast": false, "func": "PGivePlayerItem", "args": ["fireaxe"]},
                {"desc": "武士刀", "point": 10, "broadcast": false, "func": "PGivePlayerItem", "args": ["katana"]},
                {"desc": "电锯", "point": 60, "broadcast": false, "func": "PGivePlayerItem", "args": ["weapon_chainsaw"]},
                {"desc": "板球棒", "point": 10, "broadcast": false, "func": "PGivePlayerItem", "args": ["cricket_bat"]},
                {"desc": "棒球棒", "point": 10, "broadcast": false, "func": "PGivePlayerItem", "args": ["baseball_bat"]},
                {"desc": "平底锅", "point": 10, "broadcast": false, "func": "PGivePlayerItem", "args": ["frying_pan"]},
                {"desc": "吉他", "point": 10, "broadcast": false, "func": "PGivePlayerItem", "args": ["electric_guitar"]},
                {"desc": "警棍", "point": 10, "broadcast": false, "func": "PGivePlayerItem", "args": ["tonfa"]},
                {"desc": "砍刀", "point": 10, "broadcast": false, "func": "PGivePlayerItem", "args": ["machete"]},
		        {"desc": "海豹短刀", "point": 10, "broadcast": false, "func": "PGivePlayerItem", "args": ["knife"]}
            ],
            "小枪类":
            [  
                {"desc": "MP5", "point": 60, "broadcast": false, "func": "PGivePlayerItem", "args": ["weapon_smg_mp5"]},
                {"desc": "马格南", "point": 25, "broadcast": false, "func": "PGivePlayerItem", "args": ["pistol_magnum"]},
                {"desc": "UZI", "point": 50, "broadcast": false, "func": "PGivePlayerItem", "args": ["smg"]},
                {"desc": "SMG", "point": 50, "broadcast": false, "func": "PGivePlayerItem", "args": ["smg_silenced"]},
                {"desc": "小手枪", "point": 25, "broadcast": false, "func": "PGivePlayerItem", "args": ["pistol"]}
            ],
            "步枪类":
            [
                {"desc": "M16", "point": 60, "broadcast": false, "func": "PGivePlayerItem", "args": ["rifle"]},
                {"desc": "AK47", "point": 60, "broadcast": false, "func": "PGivePlayerItem", "args": ["rifle_ak47"]},
                {"desc": "SCAR", "point": 60, "broadcast": false, "func": "PGivePlayerItem", "args": ["rifle_desert"]},
                {"desc": "SG552", "point": 60, "broadcast": false, "func": "PGivePlayerItem", "args": ["rifle_sg552"]},
                {"desc": "木狙", "point": 60, "broadcast": false, "func": "PGivePlayerItem", "args": ["hunting_rifle"]},
                {"desc": "铁狙", "point": 60, "broadcast": false, "func": "PGivePlayerItem", "args": ["sniper_military"]},
                {"desc": "AWP", "point": 60, "broadcast": false, "func": "PGivePlayerItem", "args": ["weapon_sniper_awp"]},
                {"desc": "鸟狙", "point": 60, "broadcast": false, "func": "PGivePlayerItem", "args": ["weapon_sniper_scout"]},
                {"desc": "M60", "point": 100, "broadcast": false, "func": "PGivePlayerItem", "args": ["rifle_m60"]},
                {"desc": "榴弹发射器", "point": 200, "broadcast": false, "func": "PGivePlayerItem", "args": ["weapon_grenade_launcher"]}
            ],
            "喷子类":
            [
                {"desc": "一代连喷", "point": 60, "broadcast": false, "func": "PGivePlayerItem", "args": ["autoshotgun"]},
                {"desc": "二代连喷", "point": 60, "broadcast": false, "func": "PGivePlayerItem", "args": ["shotgun_spas"]},
                {"desc": "木喷", "point": 50, "broadcast": false, "func": "PGivePlayerItem", "args": ["pumpshotgun"]},
                {"desc": "铁喷", "point": 50, "broadcast": false, "func": "PGivePlayerItem", "args": ["shotgun_chrome"]}
            ],
            "投掷类":
            [
                {"desc": "土制炸弹", "point": 18, "broadcast": false, "func": "PGivePlayerItem", "args": ["pipe_bomb"]},
                {"desc": "燃烧瓶", "point": 28, "broadcast": false, "func": "PGivePlayerItem", "args": ["molotov"]},
                {"desc": "胆汁", "point": 25, "broadcast": false, "func": "PGivePlayerItem", "args": ["vomitjar"]}
            ]
                
        },
        "医疗菜单":
        [
            {"desc": "肾上腺素", "point": 18, "broadcast": false, "func": "PGivePlayerItem", "args": ["adrenaline"]},
            {"desc": "电击器", "point": 15, "broadcast": false, "func": "PGivePlayerItem", "args": ["defibrillator"]},
            {"desc": "医疗包", "point": 40, "broadcast": false, "func": "PGivePlayerItem", "args": ["first_aid_kit"]},
            {"desc": "止疼药", "point": 20, "broadcast": false, "func": "PGivePlayerItem", "args": ["pain_pills"]},
            {"desc": "满血", "point": 200, "broadcast": false, "func": "PGivePlayerItem", "args": ["health"]},
            {"desc": "复活", "point": 120, "broadcast": false, "func": "PRespawnPlayer", "args": []}
        ],
        "杂物菜单":
        [
            {"desc": "子弹", "point": 20, "broadcast": false, "func": "PGivePlayerItem", "args": ["ammo"]},
            {"desc": "高爆弹药盒", "point": 50, "broadcast": false, "func": "PGivePlayerItem", "args": ["weapon_upgradepack_explosive"]},
		    {"desc": "高爆弹药盒", "point": 50, "broadcast": false, "func": "PGivePlayerItem", "args": ["weapon_upgradepack_incendiary"]},                    {"desc": "可乐", "point": 250, "broadcast": false, "func": "PGivePlayerItem", "args": ["cola_bottles"]},
            {"desc": "汽油桶", "point": 500, "broadcast": false, "func": "PGivePlayerItem", "args": ["gascan"]},
            {"desc": "烟花盒", "point": 24, "broadcast": false, "func": "PGivePlayerItem", "args": ["weapon_fireworkcrate"]},
            {"desc": "圣诞老人", "point": 25, "broadcast": false, "func": "PGivePlayerItem", "args": ["weapon_gnome"]}
		    
],
        "BUFF菜单":
        {
            "奖励":
            [
                {"desc": "无敌30秒", "point": 50, "broadcast": true, "cmd": "godmode", "args": [30]},
                {"desc": "特感透视15秒", "point": 45, "broadcast": true, "cmd": "funnyinfected", "args": [5, 15]},
                {"desc": "变为超人30秒", "point": 50, "broadcast": true, "cmd": "funnyweapon", "args": [1, 30]},
                {"desc": "无重力30秒", "point": 50, "broadcast": true, "cmd": "movement", "args": [1, 30, 0.1]},
                {"desc": "加速30秒", "point": 40, "broadcast": true, "cmd": "movement", "args": [0, 30, 2.0]},
		{"desc": "自瞄30秒", "point": 50, "broadcast": true, "cmd": "autoaim", "args": [30]}
	    ],
            "惩罚":
            [
                {"desc": "召唤一只Tank" , "point": 600, "broadcast": true, "func": "PSummonInfected", "args": [8]},
                {"desc": "召唤一只Smoker" , "point": 30, "broadcast": true, "func": "PSummonInfected", "args": [1]},
                {"desc": "召唤一只Boommer" , "point": 30, "broadcast": true, "func": "PSummonInfected", "args": [2]},
                {"desc": "召唤一只Hunter" , "point": 30, "broadcast": true, "func": "PSummonInfected", "args": [3]},
                {"desc": "召唤一只Spitter" , "point": 30, "broadcast": true, "func": "PSummonInfected", "args": [4]},
                {"desc": "召唤一只Jockey" , "point": 30, "broadcast": true, "func": "PSummonInfected", "args": [5]},
                {"desc": "召唤一只Charger" , "point": 30, "broadcast": true, "func": "PSummonInfected", "args": [6]},
                {"desc": "召唤一只Witch" , "point": 100, "broadcast": true, "func": "PSummonInfected", "args": [7]},
                {"desc": "感染者隐身20秒" , "point": 60, "broadcast": true, "cmd": "funnyinfected", "args": [4, 20]}
            ],
            "特殊武器":
            [
                {"desc": "小手枪-黑洞", "point": 240, "broadcast": true, "cmd": "csolweapon", "args": ["pistol"]},
                {"desc": "Chrome-天龙" , "point": 150, "broadcast": true, "cmd": "csolweapon", "args": ["shotgun_chrome"]},
                {"desc": "燃烧瓶-冰魄" , "point": 150, "broadcast": true, "cmd": "csolweapon", "args": ["molotov"]},
                {"desc": "胆汁瓶-治疗场" , "point": 150, "broadcast": true, "cmd": "csolweapon", "args": ["vomitjar"]},
		        {"desc": "AWP-车王" , "point": 100, "broadcast": true, "cmd": "csolweapon", "args": ["sniper_awp"]},
		        {"desc": "管制炸弹-浩劫" , "point": 100, "broadcast": true, "cmd": "csolweapon", "args": ["pipe_bomb"]},
		        {"desc": "Scout-斩魂" , "point": 100, "broadcast": true, "cmd": "csolweapon", "args": ["sniper_scout"]},
		        {"desc": "斧头-龙枪" , "point": 100, "broadcast": true, "cmd": "csolweapon", "args": ["fireaxe"]}


            ],
            "变身特感":
            [
                {"desc": "变身Tank" , "point": 300, "broadcast": true, "cmd": "playassi", "args": [8]},
		        {"desc": "变身Charger" , "point": 200, "broadcast": true, "cmd": "playassi", "args": [6]},
		        {"desc": "变身Spitter" , "point": 100, "broadcast": true, "cmd": "playassi", "args": [4]},
		        {"desc": "变身Hunter" , "point": 100, "broadcast": true, "cmd": "playassi", "args": [3]},
		        {"desc": "变身Smoker" , "point": 400, "broadcast": true, "cmd": "playassi", "args": [1]},
		        {"desc": "变身Boomer" , "point": 99999999, "broadcast": true, "cmd": "playassi", "args": [2]},
		        {"desc": "变身Jockey" , "point": 150, "broadcast": true, "cmd": "playassi", "args": [5]}
            ]
        }
    }
}

